"TL-18-22E048"	"TP53"	"p.H193R"	"MISSENSE"
"TL-18-22E048"	"ERBB2/HER2"	"GAIN"	"CNA"
"TL-18-22E048"	"CDK12"	"GAIN"	"CNA"
"TL-18-22E048"	"CIC"	"p.I2409M"	"MISSENSE"
"TL-18-22E048"	"FLG"	"p.G2795R"	"MISSENSE"
"TL-18-96F651"	"PIK3CA"	"p.E542K"	"MISSENSE"
"TL-18-96F651"	"TP53"	"p.T123fs"	"INFRAME"
"TL-18-96F651"	"ATRX"	"p.S1440R"	"PROMOTER"
"TL-18-B8859B"	"GATA3"	"p.A314fs"	"INFRAME"
"TL-18-B8859B"	"KMT2D"	"p.P2753fs"	"INFRAME"
"TL-18-B8859B"	"ZFHX3"	"p.Q3388*"	"TRUNC"
"TL-18-B8859B"	"MCL1"	"GAIN"	"CNA"
"TL-18-B8859B"	"ATRX"	"HETLOSS"	"CNA"
"TL-18-B8859B"	"HNF1B"	"HETLOSS"	"CNA"
"TL-18-B8859B"	"KDM5C"	"HETLOSS"	"CNA"
"TL-18-B8859B"	"MYC"	"GAIN"	"CNA"
"TL-18-B8859B"	"BCL11B"	"HETLOSS"	"CNA"
"TL-18-B8859B"	"AMER1"	"HETLOSS"	"CNA"
"TL-18-B8859B"	"FAT1"	"p.G1704V"	"MISSENSE"
"TL-18-B8859B"	"BCOR"	"p.A414V"	"MISSENSE"
"TL-18-B8859B"	"CIC"	"p.E2314D"	"MISSENSE"
"TL-18-B8859B"	"ATRX"	"p.E2265del"	"INFRAME"
"TL-18-16B608"	"TP53"	"p.K132N"	"MISSENSE"
"TL-18-4CCE80"	"MCL1"	"GAIN"	"CNA"
"TL-18-4CCE80"	"MYC"	"GAIN"	"CNA"
"TL-18-4CCE80"	"CUX1"	"p.T459K"	"MISSENSE"
"TL-18-461934"	"TP53"	"p.P250L"	"MISSENSE"
"TL-18-461934"	"ERBB2/HER2"	"GAIN"	"CNA"
"TL-18-461934"	"KMT2B"	"p.Q2312*"	"TRUNC"
"TL-18-CB69A9"	"TP53"	"p.H115fs"	"INFRAME"
"TL-18-CB69A9"	"BCL11B"	"HETLOSS"	"CNA"
"TL-18-CB69A9"	"TSC2"	"HETLOSS"	"CNA"
"TL-18-CB69A9"	"MCL1"	"GAIN"	"CNA"
"TL-18-CB69A9"	"NOTCH1"	"p.C1467F"	"MISSENSE"
"TL-18-405DF6"	"TP53"	"p.R213*"	"TRUNC"
"TL-18-2A1B1D"	"TP53"	"p.R342*"	"TRUNC"
"TL-18-D808DB"	"TP53"	"p.A159P"	"MISSENSE"
"TL-18-D808DB"	"PIK3CA"	"p.R88Q"	"MISSENSE"
"TL-18-D808DB"	"ERBB2/HER2"	"GAIN"	"CNA"
"TL-18-D808DB"	"CDK12"	"GAIN"	"CNA"
"TL-18-D808DB"	"BCL11B"	"HETLOSS"	"CNA"
"TL-18-D808DB"	"BCOR"	"p.P681T"	"MISSENSE"
"TL-18-D1C1DF"	"BRCA2"	"p.T3033fs"	"INFRAME"
"TL-18-53BC0A"	"TP53"	"p.R175H"	"MISSENSE"
"TL-18-DFDB03"	"GATA3"	"p.A442fs"	"INFRAME"
"TL-18-F34FAB"	"TP53"	"p.G325*"	"TRUNC"
"TL-18-57A986"	"CDH1"	"p.E604*"	"TRUNC"
"TL-18-57A986"	"PIK3CA"	"p.K111E"	"MISSENSE"
"TL-18-57A986"	"CDK12"	"GAIN"	"CNA"
"TL-18-57A986"	"ERBB2/HER2"	"GAIN"	"CNA"
"TL-18-57A986"	"HNF1B"	"GAIN"	"CNA"
"TL-18-57A986"	"MCL1"	"GAIN"	"CNA"
"TL-18-57A986"	"KMT2D"	"p.R4198Q"	"MISSENSE"
"TL-18-A24B2C"	"ATM"	"p.R3047*"	"TRUNC"
"TL-18-A24B2C"	"ERBB2/HER2"	"GAIN"	"CNA"
"TL-18-A24B2C"	"CDK12"	"GAIN"	"CNA"
"TL-18-A24B2C"	"FLG"	"p.V2094_E2098del"	"INFRAME"
"TL-18-A24B2C"	"AMER1"	"p.R679W"	"MISSENSE"
"TL-18-AE3A66"	"TP53"	"p.R342P"	"MISSENSE"
"TL-18-AE3A66"	"MYC"	"GAIN"	"CNA"
"TL-18-D2B8EF"	"TP53"	"p.C176Y"	"MISSENSE"
"TL-18-D2B8EF"	"ERBB2/HER2"	"GAIN"	"CNA"
"TL-18-D2B8EF"	"CUX1"	"p.*1517*?"	"TRUNC"
"TL-18-D2B8EF"	"FLG"	"p.W3078*"	"TRUNC"
"TL-18-8736F8"	"PIK3CA"	"p.V448_L456del"	"INFRAME"
"TL-18-8736F8"	"FAT1"	"HETLOSS"	"CNA"
"TL-18-037976"	"TP53"	"p.T150fs"	"INFRAME"
"TL-18-7CE739"	"TP53"	"p.R280K"	"MISSENSE"
"TL-18-7CE739"	"CIC"	"p.A1293V"	"MISSENSE"
"TL-18-D0B2E8"	"PIK3CA"	"p.H1047R"	"MISSENSE"
"TL-18-D0B2E8"	"TP53"	"p.L289fs"	"INFRAME"
"TL-18-D0B2E8"	"SPEN"	"p.R1403*"	"TRUNC"
"TL-18-D0B2E8"	"ZFHX3"	"HETLOSS"	"CNA"
"TL-18-D0B2E8"	"KDM5C"	"HETLOSS"	"CNA"
"TL-18-D0B2E8"	"MCL1"	"GAIN"	"CNA"
"TL-18-D0B2E8"	"MYC"	"GAIN"	"CNA"
"TL-18-D0B2E8"	"ERBB2/HER2"	"p.V697L"	"MISSENSE"
"TL-18-D0B2E8"	"AMER1"	"p.P686S"	"MISSENSE"
"TL-18-D0B2E8"	"HNF1B"	"p.R435H"	"MISSENSE"
"TL-18-D0B2E8"	"FLG"	"p.R3153H"	"MISSENSE"
"TL-18-A3ED08"	"TP53"	"p.D281de"	"INFRAME"
"TL-18-A3ED08"	"PIK3CA"	"p.H1047R"	"MISSENSE"
"TL-18-A3ED08"	"MCL1"	"GAIN"	"CNA"
"TL-18-D650E0"	"TP53"	"p.R248Q"	"MISSENSE"
"TL-18-D650E0"	"FLG"	"p.ST453SA"	"MISSENSE"
"TL-18-D650E0"	"FLG"	"p.P2144T"	"MISSENSE"
"TL-18-D650E0"	"FLG"	"p.SL2223SQ"	"MISSENSE"
"TL-18-59A2F3"	"TP53"	"p.P278S"	"MISSENSE"
"TL-18-59A2F3"	"PIK3CA"	"p.H1047R"	"MISSENSE"
"TL-18-59A2F3"	"ERBB2/HER2"	"GAIN"	"CNA"
"TL-18-59A2F3"	"MCL1"	"GAIN"	"CNA"
"TL-18-59A2F3"	"CDK12"	"GAIN"	"CNA"
"TL-18-59A2F3"	"ERBB2/HER2"	"p.S602fs"	"INFRAME"
"TL-18-79C791"	"TP53"	"p.R273H"	"MISSENSE"
"TL-18-DEF0F4"	"TP53"	"p.R273H"	"MISSENSE"
"TL-18-7AC3EC"	"PIK3CA"	"p.E542K"	"MISSENSE"
"TL-18-7AC3EC"	"BCL11B"	"HETLOSS"	"CNA"
"TL-18-D474FD"	"MCL1"	"GAIN"	"CNA"
"TL-18-D474FD"	"BCL11B"	"GAIN"	"CNA"
"TL-18-D474FD"	"FAT1"	"p.E80K"	"MISSENSE"
"TL-18-943C0B"	"TP53"	"MUT"	"PROMOTER"
"TL-18-943C0B"	"MCL1"	"GAIN"	"CNA"
"TL-18-FB5CB1"	"TP53"	"p.Q331*"	"PROMOTER"
"TL-18-FB5CB1"	"PIK3CA"	"p.E545K"	"MISSENSE"
"TL-18-FB5CB1"	"CUX1"	"HETLOSS"	"CNA"
"TL-18-FB5CB1"	"CDH1"	"p.V202_I207del"	"INFRAME"
"TL-18-FB5CB1"	"PIK3CA"	"p.D725N"	"MISSENSE"
"TL-18-CBC62F"	"TP53"	"p.C238Y"	"MISSENSE"
"TL-18-CBC62F"	"HNF1B"	"HETLOSS"	"CNA"
"TL-18-CBC62F"	"ATRX"	"p.Q912E"	"MISSENSE"
"TL-18-B0A467"	"TP53"	"p.T118fs"	"INFRAME"
"TL-18-B0A467"	"PIK3CA"	"p.E542K"	"MISSENSE"
"TL-18-B0A467"	"AMER1"	"HETLOSS"	"CNA"
"TL-18-955A8E"	"TP53"	"p.P87fs"	"INFRAME"
"TL-18-955A8E"	"ERBB2/HER2"	"GAIN"	"CNA"
"TL-18-955A8E"	"HNF1B"	"HETLOSS"	"CNA"
"TL-18-955A8E"	"CDK12"	"GAIN"	"CNA"
"TL-18-955A8E"	"ATM"	"p.D1930N"	"MISSENSE"
"TL-18-165D1C"	"CDH1"	"p.V202fs"	"INFRAME"
"TL-18-165D1C"	"PIK3CA"	"p.C420R"	"MISSENSE"
"TL-18-165D1C"	"ATRX"	"HETLOSS"	"CNA"
"TL-18-165D1C"	"AMER1"	"HETLOSS"	"CNA"
"TL-18-165D1C"	"BCORL1"	"HETLOSS"	"CNA"
"TL-18-165D1C"	"BCL11B"	"HETLOSS"	"CNA"
"TL-18-84DCF0"	"BRCA1"	"MUT"	"PROMOTER"
"TL-18-ECCD0E"	"ERBB2/HER2"	"GAIN"	"CNA"
"TL-18-ECCD0E"	"MCL1"	"GAIN"	"CNA"
"TL-18-ECCD0E"	"FLG"	"p.D1876N"	"MISSENSE"
"TL-18-560AB2"	"TP53"	"p.R209fs"	"INFRAME"
"TL-18-560AB2"	"ATM"	"p.V716L"	"MISSENSE"
"TL-18-1FFA96"	"TP53"	"p.M1?"	"TRUNC"
"TL-18-1FFA96"	"ARID1A"	"p.S1149*"	"TRUNC"
"TL-18-1FFA96"	"BCORL1"	"p.R945*"	"TRUNC"
"TL-18-1FFA96"	"GATA3"	"p.F410fs"	"INFRAME"
"TL-18-1FFA96"	"KDM5C"	"HETLOSS"	"CNA"
"TL-18-1FFA96"	"MCL1"	"GAIN"	"CNA"
"TL-18-1FFA96"	"MYC"	"GAIN"	"CNA"
"TL-18-4BC15A"	"TP53"	"p.M1?"	"TRUNC"
"TL-18-4BC15A"	"ARID1A"	"p.S1149*"	"TRUNC"
"TL-18-4BC15A"	"PIK3CA"	"p.E545K"	"MISSENSE"
"TL-18-4BC15A"	"PIK3CA"	"p.N345K"	"MISSENSE"
"TL-18-4BC15A"	"GATA3"	"p.F410fs"	"INFRAME"
"TL-18-4BC15A"	"ZFHX3"	"HETLOSS"	"CNA"
"TL-18-4BC15A"	"MYC"	"GAIN"	"CNA"
"TL-18-4BC15A"	"ATM"	"HETLOSS"	"CNA"
"TL-18-BDD8C3"	"TP53"	"p.V157F"	"MISSENSE"
"TL-18-BDD8C3"	"TSC2"	"HETLOSS"	"CNA"
"TL-18-BDD8C3"	"MCL1"	"GAIN"	"CNA"
"TL-18-BDD8C3"	"MYC"	"GAIN"	"CNA"
"TL-18-4EF9FD"	"TP53"	"p.C275F"	"MISSENSE"
"TL-18-4EF9FD"	"MCL1"	"GAIN"	"CNA"
"TL-18-4EF9FD"	"FLG"	"p.R3419L"	"MISSENSE"
"TL-18-200CF9"	"TP53"	"p.R273H"	"MISSENSE"
"TL-18-200CF9"	"PIK3CA"	"p.E545A"	"MISSENSE"
"TL-18-200CF9"	"ERBB2/HER2"	"GAIN"	"CNA"
"TL-18-200CF9"	"CDK12"	"GAIN"	"CNA"
"TL-18-200CF9"	"FAT1"	"p.S1310L"	"MISSENSE"
"TL-18-C9E469"	"TP53"	"p.R273H"	"MISSENSE"
"TL-18-C9E469"	"PIK3CA"	"p.E545A"	"MISSENSE"
"TL-18-C9E469"	"ERBB2/HER2"	"GAIN"	"CNA"
"TL-18-C9E469"	"CDK12"	"GAIN"	"CNA"
"TL-18-462270"	"TP53"	"p.R273C"	"MISSENSE"
"TL-18-462270"	"HNF1B"	"HETLOSS"	"CNA"
"TL-18-25A755"	"TP53"	"p.E258K"	"MISSENSE"
"TL-18-25A755"	"PIK3CA"	"p.E545K"	"MISSENSE"
"TL-18-25A755"	"PIK3CA"	"p.E726K"	"MISSENSE"
"TL-18-25A755"	"CUX1"	"HETLOSS"	"CNA"
"TL-18-25A755"	"ATM"	"HETLOSS"	"CNA"
"TL-18-25A755"	"ERBB2/HER2"	"GAIN"	"CNA"
"TL-18-25A755"	"MCL1"	"GAIN"	"CNA"
"TL-18-25A755"	"KDM5C"	"HETLOSS"	"CNA"
"TL-18-25A755"	"CDK12"	"GAIN"	"CNA"
"TL-18-25A755"	"AMER1"	"HETLOSS"	"CNA"
"TL-18-25A755"	"FAT1"	"HETLOSS"	"CNA"
"TL-18-25A755"	"CDH1"	"p.R154S"	"MISSENSE"
"TL-18-25A755"	"TSC2"	"p.S1431L"	"MISSENSE"
"TL-18-18EB33"	"TP53"	"p.E258K"	"MISSENSE"
"TL-18-18EB33"	"PIK3CA"	"p.E726K"	"MISSENSE"
"TL-18-18EB33"	"PIK3CA"	"p.E545K"	"MISSENSE"
"TL-18-18EB33"	"MCL1"	"GAIN"	"CNA"
"TL-18-18EB33"	"TSC2"	"p.S1431L"	"MISSENSE"
"TL-18-18EB33"	"CDH1"	"p.R154S"	"MISSENSE"
"TL-18-18EB33"	"ZFHX3"	"MUT"	"PROMOTER"
"TL-18-C307A7"	"ERBB2/HER2"	"p.V665_V666insGILLVV"	"INFRAME"
"TL-18-CB87F9"	"NOTCH3"	"MUT"	"PROMOTER"
"TL-18-CB87F9"	"MYC"	"GAIN"	"CNA"
"TL-18-CB87F9"	"TP53"	"HETLOSS"	"CNA"
"TL-18-CB87F9"	"SPEN"	"p.V828I"	"MISSENSE"
"TL-18-1D9668"	"CDH1"	"p.N428fs"	"INFRAME"
"TL-18-1D9668"	"MCL1"	"GAIN"	"CNA"
"TL-18-228825"	"ERBB2/HER2"	"p.A775_G776insYVMA"	"INFRAME"
"TL-18-228825"	"TP53"	"p.E285K"	"MISSENSE"
"TL-18-228825"	"ERBB2/HER2"	"p.A771_Y772insAYVM"	"INFRAME"
"TL-18-228825"	"TP53"	"p.Q331*"	"PROMOTER"
"TL-18-228825"	"ERBB2/HER2"	"p.V773_M774insHT*W"	"INFRAME"
"TL-18-228825"	"ERBB2/HER2"	"GAIN"	"CNA"
"TL-18-9D6F49"	"ATM"	"HETLOSS"	"CNA"
"TL-18-9D6F49"	"ERBB2/HER2"	"GAIN"	"CNA"
"TL-18-9D6F49"	"FAT1"	"HETLOSS"	"CNA"
"TL-18-9D6F49"	"MCL1"	"GAIN"	"CNA"
"TL-18-9D6F49"	"TP53"	"HETLOSS"	"CNA"
"TL-18-9D6F49"	"CDK12"	"GAIN"	"CNA"
"TL-18-9D6F49"	"BCORL1"	"HETLOSS"	"CNA"
"TL-18-9D6F49"	"BCL11B"	"HETLOSS"	"CNA"
"TL-18-9D6F49"	"AMER1"	"HETLOSS"	"CNA"
"TL-18-435C06"	"PIK3CA"	"p.H1047R"	"MISSENSE"
"TL-18-435C06"	"CDH1"	"p.P172fs"	"INFRAME"
"TL-18-435C06"	"BCL11B"	"HETLOSS"	"CNA"
"TL-18-52D9D6"	"BRCA2"	"p.K1984fs"	"INFRAME"
"TL-18-52D9D6"	"KMT2B"	"MUT"	"PROMOTER"
"TL-18-52D9D6"	"SPEN"	"p.V2087M"	"MISSENSE"
"TL-18-F5769F"	"NOTCH3"	"p.D1454H"	"MISSENSE"
"TL-18-03CC14"	"PIK3CA"	"p.E542K"	"MISSENSE"
"TL-18-03CC14"	"TP53"	"p.R273H"	"MISSENSE"
"TL-18-907639"	"GATA3"	"MUT"	"PROMOTER"
"TL-18-907639"	"TP53"	"p.T125T"	"PROMOTER"
"TL-18-907639"	"MCL1"	"GAIN"	"CNA"
"TL-18-99E9D6"	"TP53"	"p.H179Q"	"MISSENSE"
"TL-18-99E9D6"	"PIK3CA"	"p.H1047R"	"MISSENSE"
"TL-18-99E9D6"	"ERBB2/HER2"	"GAIN"	"CNA"
"TL-18-7E6117"	"TP53"	"p.R248Q"	"MISSENSE"
"TL-18-7E6117"	"BCORL1"	"p.R1183P"	"MISSENSE"
"TL-18-7E6117"	"CIC"	"p.P2292H"	"MISSENSE"
"TL-18-426CA0"	"GATA3"	"p.R307fs"	"INFRAME"
"TL-18-426CA0"	"MCL1"	"GAIN"	"CNA"
"TL-18-F6EF76"	"ATRX"	"p.Q2194*"	"TRUNC"
"TL-18-F6EF76"	"PIK3CA"	"p.E545G"	"MISSENSE"
"TL-18-F6EF76"	"KDM5C"	"p.G957D"	"MISSENSE"
"TL-18-7FFBE3"	"PIK3CA"	"p.H1047R"	"MISSENSE"
"TL-18-7FFBE3"	"AMER1"	"HETLOSS"	"CNA"
"TL-18-7FFBE3"	"ATRX"	"HETLOSS"	"CNA"
"TL-18-7FFBE3"	"BCOR"	"HETLOSS"	"CNA"
"TL-18-7FFBE3"	"BCORL1"	"HETLOSS"	"CNA"
"TL-18-2E0754"	"TP53"	"p.R213*"	"TRUNC"
"TL-18-2E0754"	"FAT1"	"p.G493R"	"MISSENSE"
"TL-18-2E0754"	"BCOR"	"p.A1307D"	"MISSENSE"
"TL-18-2E0754"	"NOTCH3"	"p.L2004M"	"MISSENSE"
"TL-18-2E0754"	"FLG"	"p.G2855R"	"MISSENSE"
"TL-18-2E0754"	"ZFHX3"	"p.R727H"	"MISSENSE"
"TL-18-F67579"	"TP53"	"p.L145P"	"MISSENSE"
"TL-18-9D428E"	"TP53"	"MUT"	"PROMOTER"
"TL-18-9D428E"	"PIK3CA"	"p.E542K"	"MISSENSE"
"TL-18-9D428E"	"ERBB2/HER2"	"GAIN"	"CNA"
"TL-18-C74CA1"	"ERBB2/HER2"	"GAIN"	"CNA"
"TL-18-C74CA1"	"MYC"	"GAIN"	"CNA"
"TL-18-C74CA1"	"CDK12"	"GAIN"	"CNA"
"TL-18-C74CA1"	"FLG"	"p.A2427S"	"MISSENSE"
"TL-18-C46E0B"	"ERBB2/HER2"	"GAIN"	"CNA"
"TL-18-C46E0B"	"FAT1"	"HETLOSS"	"CNA"
"TL-18-C46E0B"	"ATRX"	"MUT"	"PROMOTER"
"TL-18-06E0AA"	"PIK3CA"	"p.H1047R"	"MISSENSE"
"TL-18-06E0AA"	"TP53"	"p.S90fs"	"INFRAME"
"TL-18-06E0AA"	"AMER1"	"HETLOSS"	"CNA"
"TL-18-C457CF"	"TP53"	"p.R248W"	"MISSENSE"
"TL-18-F241D3"	"ERBB2/HER2"	"p.D769Y"	"PROMOTER"
"TL-18-F241D3"	"PIK3CA"	"p.H1047R"	"MISSENSE"
"TL-18-3467BB"	"PIK3CA"	"p.H1047R"	"MISSENSE"
"TL-18-3467BB"	"AMER1"	"HETLOSS"	"CNA"
"TL-18-3467BB"	"ATRX"	"HETLOSS"	"CNA"
"TL-18-3467BB"	"KDM5C"	"HETLOSS"	"CNA"
"TL-18-3467BB"	"BCOR"	"HETLOSS"	"CNA"
"TL-18-3467BB"	"BCORL1"	"HETLOSS"	"CNA"
"TL-18-DD50F6"	"PIK3CA"	"p.E545K"	"MISSENSE"
"TL-18-DD50F6"	"KDM5C"	"p.E646K"	"MISSENSE"
"TL-18-DD50F6"	"BRCA1"	"p.D936H"	"MISSENSE"
"TL-18-DD50F6"	"BRCA1"	"p.D853H"	"MISSENSE"
"TL-18-DD50F6"	"BRCA1"	"p.R1076K"	"MISSENSE"
"TL-18-DB0F79"	"TP53"	"p.R342fs"	"INFRAME"
"TL-18-DB0F79"	"FLG"	"p.VS3179GS"	"MISSENSE"
"TL-18-93AD89"	"TP53"	"p.R248Q"	"MISSENSE"
"TL-18-25A3C4"	"TP53"	"p.G266E"	"MISSENSE"
"TL-18-25A3C4"	"MCL1"	"GAIN"	"CNA"
"TL-18-25A3C4"	"MYC"	"GAIN"	"CNA"
"TL-18-B3FD22"	"TP53"	"p.E286K"	"MISSENSE"
"TL-18-B3FD22"	"GATA3"	"p.R330fs"	"INFRAME"
"TL-18-A9A9C2"	"ERBB2/HER2"	"p.L755S"	"MISSENSE"
"TL-18-A9A9C2"	"SPEN"	"p.E1940*"	"TRUNC"
"TL-18-A9A9C2"	"MCL1"	"GAIN"	"CNA"
"TL-18-A9A9C2"	"BRCA2"	"p.S2835L"	"MISSENSE"
"TL-18-12B92C"	"CDH1"	"p.W526*"	"TRUNC"
"TL-18-12B92C"	"PIK3CA"	"p.N345K"	"MISSENSE"
"TL-18-12B92C"	"NOTCH3"	"MUT"	"PROMOTER"
"TL-18-12B92C"	"ZFHX3"	"p.Q2686*"	"TRUNC"
"TL-18-12B92C"	"CDH1"	"HETLOSS"	"CNA"
"TL-18-12B92C"	"NOTCH1"	"HETLOSS"	"CNA"
"TL-18-12B92C"	"AMER1"	"HETLOSS"	"CNA"
"TL-18-12B92C"	"KDM5C"	"HETLOSS"	"CNA"
"TL-18-12B92C"	"ZFHX3"	"HETLOSS"	"CNA"
"TL-18-12B92C"	"FAT1"	"HETLOSS"	"CNA"
"TL-18-12B92C"	"MYC"	"GAIN"	"CNA"
"TL-18-12B92C"	"TP53"	"HETLOSS"	"CNA"
"TL-18-12B92C"	"MCL1"	"GAIN"	"CNA"
"TL-18-12B92C"	"KMT2B"	"p.L2714F"	"MISSENSE"
"TL-18-12B92C"	"CIC"	"p.P2016L"	"MISSENSE"
"TL-18-12B92C"	"ERBB2/HER2"	"p.P802S"	"MISSENSE"
"TL-18-12B92C"	"ZFHX3"	"p.L1271F"	"MISSENSE"
"TL-18-12B92C"	"BCOR"	"p.P277L"	"MISSENSE"
"TL-18-12B92C"	"BCORL1"	"p.G1553R"	"MISSENSE"
"TL-18-12B92C"	"KDM5C"	"p.R638K"	"MISSENSE"
"TL-18-CDF9A7"	"CDH1"	"p.W526*"	"TRUNC"
"TL-18-CDF9A7"	"PIK3CA"	"p.N345K"	"MISSENSE"
"TL-18-CDF9A7"	"NOTCH3"	"p.C531*"	"TRUNC"
"TL-18-DD82EF"	"ARID1A"	"p.I1625fs"	"INFRAME"
"TL-18-DD82EF"	"PIK3CA"	"p.E545K"	"MISSENSE"
"TL-18-DD82EF"	"TP53"	"p.S94fs"	"INFRAME"
"TL-18-DD82EF"	"CDH1"	"p.N320fs"	"INFRAME"
"TL-18-DD82EF"	"KDM5C"	"HETLOSS"	"CNA"
"TL-18-DD82EF"	"GATA3"	"p.A5V"	"MISSENSE"
"TL-18-DD82EF"	"FLG"	"p.S855Y"	"MISSENSE"
"TL-18-2F1FB7"	"PIK3CA"	"p.K111del"	"INFRAME"
"TL-18-2F1FB7"	"ZFHX3"	"HETLOSS"	"CNA"
"TL-18-2F1FB7"	"BCL11B"	"HETLOSS"	"CNA"
"TL-18-2F1FB7"	"KDM5C"	"HETLOSS"	"CNA"
"TL-18-2F1FB7"	"FAT1"	"HETLOSS"	"CNA"
"TL-18-2F1FB7"	"MCL1"	"GAIN"	"CNA"
"TL-18-9BFB83"	"PIK3CA"	"p.K111del"	"INFRAME"
"TL-18-9BFB83"	"TSC2"	"p.Q699*"	"PROMOTER"
"TL-18-9BFB83"	"MCL1"	"GAIN"	"CNA"
"TL-18-CD4FA2"	"TP53"	"p.M340fs"	"INFRAME"
"TL-18-CD4FA2"	"ZFHX3"	"p.S2896C"	"MISSENSE"
"TL-18-9C3994"	"TP53"	"p.L93fs"	"INFRAME"
"TL-18-9C3994"	"NOTCH1"	"MUT"	"PROMOTER"
"TL-18-9C3994"	"FAT1"	"p.R937*"	"TRUNC"
"TL-18-9C3994"	"NOTCH3"	"p.R1175Q"	"MISSENSE"
"TL-18-9C3994"	"AMER1"	"p.R1049Q"	"MISSENSE"
"TL-18-9C3994"	"BCOR"	"p.R1699W"	"MISSENSE"
"TL-18-8DCCAE"	"GATA3"	"p.K388fs"	"INFRAME"
"TL-18-8DCCAE"	"ATM"	"HETLOSS"	"CNA"
"TL-18-8DCCAE"	"BCL11B"	"p.P420L"	"MISSENSE"
"TL-18-97F70B"	"TP53"	"p.Y234C"	"MISSENSE"
"TL-18-97F70B"	"KMT2B"	"p.I2609M"	"MISSENSE"
"TL-18-97F70B"	"ERBB2/HER2"	"p.W6*"	"TRUNC"
"TL-18-97F70B"	"BCOR"	"p.G522_N790del"	"INFRAME"
"TL-18-CB3028"	"TP53"	"p.R273C"	"MISSENSE"
"TL-18-CB3028"	"NOTCH1"	"MUT"	"PROMOTER"
"TL-18-CB3028"	"MYC"	"GAIN"	"CNA"
"TL-18-55E861"	"KMT2D"	"p.Q3722*"	"TRUNC"
"TL-18-55E861"	"CDK12"	"HETLOSS"	"CNA"
"TL-18-55E861"	"HNF1B"	"HETLOSS"	"CNA"
"TL-18-55E861"	"BCL11B"	"HETLOSS"	"CNA"
"TL-18-55E861"	"BRCA1"	"HETLOSS"	"CNA"
"TL-18-55E861"	"MCL1"	"GAIN"	"CNA"
"TL-18-55E861"	"MYC"	"GAIN"	"CNA"
"TL-18-55E861"	"NOTCH1"	"HETLOSS"	"CNA"
"TL-18-55E861"	"NOTCH3"	"HETLOSS"	"CNA"
"TL-18-55E861"	"CDK12"	"p.S30F"	"MISSENSE"
"TL-18-70D7A1"	"TP53"	"p.A88fs"	"INFRAME"
"TL-18-70D7A1"	"KDM5C"	"p.C267fs"	"INFRAME"
"TL-18-70D7A1"	"CDK12"	"GAIN"	"CNA"
"TL-18-70D7A1"	"ERBB2/HER2"	"GAIN"	"CNA"
"TL-18-8635BE"	"TP53"	"p.R213*"	"TRUNC"
"TL-18-8635BE"	"MYC"	"GAIN"	"CNA"
"TL-18-8635BE"	"NOTCH3"	"GAIN"	"CNA"
"TL-18-00ED8C"	"ERBB2/HER2"	"GAIN"	"CNA"
"TL-18-00ED8C"	"MYC"	"GAIN"	"CNA"
"TL-18-00ED8C"	"ATM"	"p.I2471V"	"MISSENSE"
"TL-18-93D6FB"	"TP53"	"p.R342fs"	"INFRAME"
"TL-18-93D6FB"	"PIK3CA"	"p.E545K"	"MISSENSE"
"TL-18-93D6FB"	"BCORL1"	"p.W14*"	"TRUNC"
"TL-18-93D6FB"	"BRCA1"	"p.Q169*"	"TRUNC"
"TL-18-93D6FB"	"CDK12"	"GAIN"	"CNA"
"TL-18-93D6FB"	"MYC"	"GAIN"	"CNA"
"TL-18-93D6FB"	"ERBB2/HER2"	"GAIN"	"CNA"
"TL-18-93D6FB"	"HNF1B"	"GAIN"	"CNA"
"TL-18-93D6FB"	"FLG"	"p.N132S"	"MISSENSE"
"TL-18-93D6FB"	"FLG"	"p.H2916R"	"MISSENSE"
"TL-18-93D6FB"	"ZFHX3"	"p.N2399S"	"MISSENSE"
"TL-18-93D6FB"	"FLG"	"p.H2163Q"	"MISSENSE"
"TL-18-93D6FB"	"FLG"	"p.H866Q"	"MISSENSE"
"TL-18-93D6FB"	"ARID1A"	"p.P1557L"	"MISSENSE"
"TL-18-93D6FB"	"TP53"	"p.R333H"	"MISSENSE"
"TL-18-2FF669"	"PIK3CA"	"p.E545K"	"MISSENSE"
"TL-18-2FF669"	"CUX1"	"p.L1084fs"	"INFRAME"
"TL-18-2FF669"	"TP53"	"p.E286V"	"MISSENSE"
"TL-18-2FF669"	"KMT2D"	"p.P2550fs"	"INFRAME"
"TL-18-2FF669"	"BCOR"	"HETLOSS"	"CNA"
"TL-18-2FF669"	"MCL1"	"GAIN"	"CNA"
"TL-18-2FF669"	"MYC"	"GAIN"	"CNA"
"TL-18-2FF669"	"BCL11B"	"HETLOSS"	"CNA"
"TL-18-2FF669"	"FLG"	"p.H3941R"	"MISSENSE"
"TL-18-2FF669"	"FAT1"	"p.D3360G"	"MISSENSE"
"TL-18-2FF669"	"FLG"	"p.Y257V"	"MISSENSE"
"TL-18-2FF669"	"FLG"	"p.N1397D"	"MISSENSE"
"TL-18-2FF669"	"FAT1"	"p.N710S"	"MISSENSE"
"TL-18-2FF669"	"BRCA2"	"p.E3316fs"	"INFRAME"
"TL-18-2FF669"	"FAT1"	"p.P4231L"	"MISSENSE"
"TL-18-2FF669"	"KMT2D"	"p.R4729W"	"MISSENSE"
"TL-18-8A7F1E"	"ERBB2/HER2"	"p.L755_E757del"	"INFRAME"
"TL-18-8A7F1E"	"TSC2"	"p.Q1419*"	"TRUNC"
"TL-18-8A7F1E"	"KMT2D"	"p.R2685*"	"TRUNC"
"TL-18-8A7F1E"	"BCL11B"	"HETLOSS"	"CNA"
"TL-18-8A7F1E"	"PIK3CA"	"p.E970K"	"MISSENSE"
"TL-18-8A7F1E"	"KMT2B"	"p.E1346K"	"MISSENSE"
"TL-18-8A7F1E"	"NOTCH3"	"p.R1837C"	"MISSENSE"
"TL-18-8A7F1E"	"KMT2B"	"p.A480V"	"MISSENSE"
"TL-18-8A7F1E"	"NOTCH1"	"p.G270D"	"MISSENSE"
"TL-18-8A7F1E"	"FAT1"	"p.E4558K"	"MISSENSE"
"TL-18-8A7F1E"	"KMT2D"	"p.V3534I"	"MISSENSE"
"TL-18-D03BFB"	"TP53"	"p.G244fs"	"INFRAME"
"TL-18-D03BFB"	"PIK3CA"	"p.H1047R"	"MISSENSE"
"TL-18-D03BFB"	"CUX1"	"p.Q808*"	"TRUNC"
"TL-18-D03BFB"	"ARID1A"	"p.Q457*"	"TRUNC"
"TL-18-D03BFB"	"MCL1"	"GAIN"	"CNA"
"TL-18-D03BFB"	"ALK"	"p.P236S"	"MISSENSE"
"TL-18-D03BFB"	"ATM"	"p.G2718G"	"PROMOTER"
"TL-18-D03BFB"	"BCORL1"	"p.G715S"	"MISSENSE"
"TL-18-D03BFB"	"TSC2"	"p.T1422I"	"MISSENSE"
"TL-18-D03BFB"	"CIC"	"p.A2015V"	"MISSENSE"
"TL-18-D03BFB"	"MCL1"	"p.V140I"	"MISSENSE"
"TL-18-213530"	"TP53"	"p.R175H"	"MISSENSE"
"TL-18-213530"	"KMT2D"	"p.Q3757*"	"TRUNC"
"TL-18-213530"	"BRCA1"	"p.Y655fs"	"INFRAME"
"TL-18-213530"	"NOTCH1"	"p.W745*"	"TRUNC"
"TL-18-213530"	"FAT1"	"p.R4296*"	"TRUNC"
"TL-18-213530"	"NOTCH1"	"p.C954*"	"TRUNC"
"TL-18-213530"	"ZFHX3"	"p.G3406fs"	"INFRAME"
"TL-18-213530"	"ZFHX3"	"p.R2693*"	"TRUNC"
"TL-18-213530"	"CDK12"	"p.R1051*"	"TRUNC"
"TL-18-213530"	"KMT2D"	"p.A1390fs"	"INFRAME"
"TL-18-213530"	"ZFHX3"	"p.R1114*"	"TRUNC"
"TL-18-213530"	"ATM"	"p.E2236*"	"TRUNC"
"TL-18-213530"	"BRCA1"	"p.Q1785*"	"TRUNC"
"TL-18-213530"	"ZFHX3"	"p.E763*"	"TRUNC"
"TL-18-213530"	"CIC"	"p.Q654*"	"TRUNC"
"TL-18-213530"	"ATM"	"p.R2763*"	"TRUNC"
"TL-18-213530"	"MCL1"	"GAIN"	"CNA"
"TL-18-213530"	"ALK"	"p.G562fs"	"INFRAME"
"TL-18-213530"	"KMT2B"	"p.T653I"	"MISSENSE"
"TL-18-213530"	"KMT2B"	"p.P637S"	"MISSENSE"
"TL-18-213530"	"ARID1A"	"p.M1318I"	"MISSENSE"
"TL-18-213530"	"KMT2B"	"p.T2261M"	"MISSENSE"
"TL-18-213530"	"GATA3"	"p.A319G"	"MISSENSE"
"TL-18-213530"	"KMT2D"	"p.S651L"	"MISSENSE"
"TL-18-213530"	"ERBB2/HER2"	"p.Q1142*"	"TRUNC"
"TL-18-213530"	"SPEN"	"p.G2241E"	"MISSENSE"
"TL-18-213530"	"ARID1A"	"p.R1598C"	"MISSENSE"
"TL-18-213530"	"ARID1A"	"p.R1598H"	"MISSENSE"
"TL-18-213530"	"KMT2D"	"p.G179S"	"MISSENSE"
"TL-18-213530"	"BRCA1"	"p.V122I"	"MISSENSE"
"TL-18-C77058"	"TSC2"	"MUT"	"PROMOTER"
"TL-18-C77058"	"BCORL1"	"p.P1484fs"	"INFRAME"
"TL-18-C77058"	"TSC2"	"MUT"	"PROMOTER"
"TL-18-C77058"	"ARID1A"	"p.Q521*"	"TRUNC"
"TL-18-C77058"	"CIC"	"MUT"	"PROMOTER"
"TL-18-C77058"	"ARID1A"	"p.P1575fs"	"INFRAME"
"TL-18-C77058"	"KMT2B"	"p.R2033P"	"MISSENSE"
"TL-18-C77058"	"ALK"	"p.V1185fs"	"INFRAME"
"TL-18-C77058"	"ERBB2/HER2"	"p.R1111W"	"MISSENSE"
"TL-18-C77058"	"ATM"	"p.R981C"	"MISSENSE"
"TL-18-C77058"	"KMT2B"	"p.R2323H"	"MISSENSE"
"TL-18-C77058"	"ERBB2/HER2"	"p.V597L"	"MISSENSE"
"TL-18-C77058"	"NOTCH1"	"p.A2077T"	"MISSENSE"
"TL-18-C77058"	"KMT2D"	"p.V1248F"	"MISSENSE"
"TL-18-C77058"	"KMT2D"	"p.K1712R"	"MISSENSE"
"TL-18-F00C1A"	"PIK3CA"	"p.E542K"	"MISSENSE"
"TL-18-B0E895"	"CDH1"	"p.W638*"	"TRUNC"
"TL-18-B0E895"	"PIK3CA"	"p.E453K"	"OTHER"
"TL-18-B0E895"	"BCL11B"	"p.Q396*"	"TRUNC"
"TL-18-B0E895"	"NOTCH1"	"p.Q2405*"	"TRUNC"
"TL-18-B0E895"	"KMT2D"	"p.M1?"	"TRUNC"
"TL-18-B0E895"	"HNF1B"	"p.R276*"	"TRUNC"
"TL-18-B0E895"	"ERBB2/HER2"	"GAIN"	"CNA"
"TL-18-B0E895"	"MCL1"	"GAIN"	"CNA"
"TL-18-B0E895"	"PIK3CA"	"p.P562S"	"MISSENSE"
"TL-18-B0E895"	"ARID1A"	"p.P2221L"	"INFRAME"
"TL-18-B0E895"	"NOTCH1"	"p.P1770S"	"MISSENSE"
"TL-18-B0E895"	"ALK"	"p.G920D"	"MISSENSE"
"TL-18-B0E895"	"ZFHX3"	"p.A2077V"	"MISSENSE"
"TL-18-B0E895"	"KMT2D"	"p.R1299H"	"MISSENSE"
"TL-18-B0E895"	"ARID1A"	"p.D2133N"	"MISSENSE"
"TL-18-FAAB4A"	"BRCA2"	"p.T3033fs"	"INFRAME"
"TL-18-FAAB4A"	"PIK3CA"	"p.H1047R"	"MISSENSE"
"TL-18-FAAB4A"	"NOTCH1"	"p.C1472*"	"TRUNC"
"TL-18-FAAB4A"	"ARID1A"	"MUT"	"PROMOTER"
"TL-18-FAAB4A"	"CIC"	"p.S2026fs"	"INFRAME"
"TL-18-FAAB4A"	"CDH1"	"p.W103*"	"TRUNC"
"TL-18-FAAB4A"	"MCL1"	"GAIN"	"CNA"
"TL-18-FAAB4A"	"ALK"	"p.T887I"	"MISSENSE"
"TL-18-FAAB4A"	"ALK"	"p.G1137R"	"MISSENSE"
"TL-18-FAAB4A"	"KMT2B"	"p.R2057fs"	"INFRAME"
"TL-18-FAAB4A"	"ARID1A"	"p.R1026H"	"MISSENSE"
"TL-18-FAAB4A"	"BCORL1"	"p.A404S"	"MISSENSE"
"TL-18-FAAB4A"	"NOTCH1"	"p.D809N"	"MISSENSE"
"TL-18-FAAB4A"	"CUX1"	"MUT"	"PROMOTER"
"TL-18-FAAB4A"	"KMT2B"	"p.P631S"	"MISSENSE"
"TL-18-FAAB4A"	"ALK"	"p.P907S"	"MISSENSE"
"TL-18-FAAB4A"	"GATA3"	"p.P422S"	"MISSENSE"
"TL-18-96D26F"	"TP53"	"p.F270S"	"MISSENSE"
"TL-18-96D26F"	"TSC2"	"p.W358*"	"TRUNC"
"TL-18-96D26F"	"KMT2D"	"p.Q3821*"	"TRUNC"
"TL-18-96D26F"	"FAT1"	"HETLOSS"	"CNA"
"TL-18-96D26F"	"MCL1"	"GAIN"	"CNA"
"TL-18-96D26F"	"FLG"	"p.GY2799GS"	"MISSENSE"
"TL-18-96D26F"	"ATRX"	"p.R160H"	"MISSENSE"
"TL-18-96D26F"	"ALK"	"p.G914R"	"MISSENSE"
"TL-18-96D26F"	"NOTCH1"	"p.G615R"	"MISSENSE"
"TL-18-96D26F"	"NOTCH1"	"p.D809N"	"MISSENSE"
"TL-18-E49AF2"	"GATA3"	"MUT"	"PROMOTER"
"TL-18-E49AF2"	"ZFHX3"	"p.Q1731*"	"TRUNC"
"TL-18-E49AF2"	"ARID1A"	"p.F2141fs"	"INFRAME"
"TL-18-E49AF2"	"KDM5C"	"p.R68fs"	"INFRAME"
"TL-18-E49AF2"	"KMT2D"	"p.R4663K"	"MISSENSE"
"TL-18-E49AF2"	"BRCA2"	"p.D1469N"	"MISSENSE"
"TL-18-E49AF2"	"ARID1A"	"p.R1598C"	"MISSENSE"
"TL-18-E49AF2"	"ERBB2/HER2"	"p.V884M"	"PROMOTER"
"TL-18-E49AF2"	"KMT2D"	"p.A3365T"	"MISSENSE"
"TL-18-E49AF2"	"NOTCH3"	"p.T1908M"	"MISSENSE"
"TL-18-E49AF2"	"ERBB2/HER2"	"p.P1149S"	"MISSENSE"
"TL-18-E49AF2"	"KMT2B"	"p.R2280S"	"MISSENSE"
"TL-18-E49AF2"	"KMT2B"	"p.R482W"	"MISSENSE"
"TL-18-E49AF2"	"NOTCH3"	"p.P426L"	"MISSENSE"
"TL-18-0E33D6"	"ATM"	"p.K25*"	"PROMOTER"
"TL-18-0E33D6"	"PIK3CA"	"p.E545K"	"MISSENSE"
"TL-18-0E33D6"	"TP53"	"MUT"	"PROMOTER"
"TL-18-0E33D6"	"NOTCH1"	"p.Q154*"	"TRUNC"
"TL-18-0E33D6"	"HNF1B"	"p.Q28*"	"TRUNC"
"TL-18-0E33D6"	"TP53"	"p.R196*"	"TRUNC"
"TL-18-0E33D6"	"ZFHX3"	"p.Q3394*"	"TRUNC"
"TL-18-0E33D6"	"ZFHX3"	"MUT"	"PROMOTER"
"TL-18-0E33D6"	"ERBB2/HER2"	"p.V842I"	"MISSENSE"
"TL-18-0E33D6"	"CIC"	"p.S2026fs"	"INFRAME"
"TL-18-0E33D6"	"NOTCH3"	"p.Q1017*"	"TRUNC"
"TL-18-0E33D6"	"ZFHX3"	"p.P2048fs"	"INFRAME"
"TL-18-0E33D6"	"NOTCH1"	"p.W1075*"	"TRUNC"
"TL-18-0E33D6"	"FAT1"	"p.R4296*"	"TRUNC"
"TL-18-0E33D6"	"NOTCH3"	"p.R244*"	"TRUNC"
"TL-18-0E33D6"	"KDM5C"	"p.W1236*"	"TRUNC"
"TL-18-0E33D6"	"SPEN"	"p.Q592*"	"TRUNC"
"TL-18-0E33D6"	"CDK12"	"p.E887*"	"TRUNC"
"TL-18-0E33D6"	"TP53"	"p.E2*"	"TRUNC"
"TL-18-0E33D6"	"ARID1A"	"p.Q1200*"	"TRUNC"
"TL-18-0E33D6"	"BRCA1"	"p.Q921*"	"TRUNC"
"TL-18-0E33D6"	"SPEN"	"p.A2840fs"	"INFRAME"
"TL-18-0E33D6"	"HNF1B"	"p.Q521fs"	"INFRAME"
"TL-18-0E33D6"	"SPEN"	"p.R189*"	"TRUNC"
"TL-18-0E33D6"	"CDH1"	"p.L726fs"	"INFRAME"
"TL-18-0E33D6"	"KMT2D"	"p.P2302fs"	"INFRAME"
"TL-18-0E33D6"	"KMT2D"	"p.S4748N"	"MISSENSE"
"TL-18-0E33D6"	"KMT2D"	"p.Q3863del"	"INFRAME"
"TL-18-0E33D6"	"CUX1"	"p.T750I"	"MISSENSE"
"TL-18-0E33D6"	"BCOR"	"p.K1305N"	"MISSENSE"
"TL-18-0E33D6"	"ERBB2/HER2"	"c.423G>T"	"MISSENSE"
"TL-18-0E33D6"	"KDM5C"	"p.WG1369*"	"TRUNC"
"TL-18-0E33D6"	"KMT2B"	"p.Q1067L"	"MISSENSE"
"TL-18-0E33D6"	"KMT2B"	"p.P625L"	"MISSENSE"
"TL-18-0E33D6"	"ERBB2/HER2"	"MUT"	"PROMOTER"
"TL-18-0E33D6"	"NOTCH3"	"p.A459V"	"PROMOTER"
"TL-18-0E33D6"	"TP53"	"p.R337Q"	"MISSENSE"
"TL-18-0E33D6"	"TSC2"	"p.V249I"	"MISSENSE"
"TL-18-0E33D6"	"ZFHX3"	"p.G1200D"	"MISSENSE"
"TL-18-0E33D6"	"ALK"	"p.T1446I"	"MISSENSE"
"TL-18-0E33D6"	"ALK"	"p.G1202fs"	"INFRAME"
"TL-18-0E33D6"	"BCORL1"	"Splice"	"PROMOTER"
"TL-18-0E33D6"	"ZFHX3"	"p.R3623Q"	"MISSENSE"
"TL-18-0E33D6"	"KMT2B"	"p.R2057fs"	"INFRAME"
"TL-18-0E33D6"	"BCORL1"	"p.A570T"	"MISSENSE"
"TL-18-0E33D6"	"KMT2D"	"p.P639L"	"MISSENSE"
"TL-18-0E33D6"	"ZFHX3"	"p.A2126V"	"MISSENSE"
"TL-18-0E33D6"	"SPEN"	"p.S1194N"	"MISSENSE"
"TL-18-0E33D6"	"CIC"	"p.A1994V"	"MISSENSE"
"TL-18-0E33D6"	"ZFHX3"	"p.P167S"	"MISSENSE"
"TL-18-0E33D6"	"ERBB2/HER2"	"c.3596C>T"	"MISSENSE"
"TL-18-0E33D6"	"BCORL1"	"p.G533S"	"MISSENSE"
"TL-18-0E33D6"	"CDH1"	"p.A575V"	"MISSENSE"
"TL-18-08B219"	"MCL1"	"GAIN"	"CNA"
"TL-18-D90285"	"GATA3"	"p.T325fs"	"INFRAME"
"TL-18-D90285"	"SPEN"	"p.N2592fs"	"INFRAME"
"TL-18-D90285"	"SPEN"	"p.R807fs"	"INFRAME"
"TL-18-D90285"	"KMT2D"	"p.Q1435*"	"TRUNC"
"TL-18-D90285"	"ZFHX3"	"p.K180fs"	"INFRAME"
"TL-18-D90285"	"ZFHX3"	"p.Q1000*"	"TRUNC"
"TL-18-D90285"	"HNF1B"	"MUT"	"PROMOTER"
"TL-18-D90285"	"ATM"	"p.R250*"	"TRUNC"
"TL-18-D90285"	"CIC"	"p.Q1473*"	"TRUNC"
"TL-18-D90285"	"BCORL1"	"p.G892fs"	"INFRAME"
"TL-18-D90285"	"SPEN"	"p.Q3376*"	"TRUNC"
"TL-18-D90285"	"NOTCH1"	"p.Q2315*"	"TRUNC"
"TL-18-D90285"	"ATRX"	"p.R1302fs"	"INFRAME"
"TL-18-D90285"	"KMT2D"	"p.L656fs"	"INFRAME"
"TL-18-D90285"	"ARID1A"	"p.Q766fs"	"INFRAME"
"TL-18-D90285"	"ZFHX3"	"HETLOSS"	"CNA"
"TL-18-D90285"	"CDH1"	"HETLOSS"	"CNA"
"TL-18-D90285"	"MCL1"	"GAIN"	"CNA"
"TL-18-D90285"	"ARID1A"	"p.L2011P"	"MISSENSE"
"TL-18-D90285"	"BRCA1"	"p.A225V"	"MISSENSE"
"TL-18-D90285"	"AMER1"	"p.Q1116*"	"TRUNC"
"TL-18-D90285"	"KMT2D"	"p.Q3863del"	"INFRAME"
"TL-18-D90285"	"ERBB2/HER2"	"p.P378S"	"MISSENSE"
"TL-18-D90285"	"CIC"	"p.E1619K"	"MISSENSE"
"TL-18-D90285"	"ZFHX3"	"p.P2091L"	"MISSENSE"
"TL-18-D90285"	"KMT2B"	"p.P1820S"	"MISSENSE"
"TL-18-D90285"	"ZFHX3"	"p.D2362N"	"MISSENSE"
"TL-18-D90285"	"ARID1A"	"p.L1716F"	"MISSENSE"
"TL-18-D90285"	"TSC2"	"p.R1729C"	"MISSENSE"
"TL-18-D90285"	"KMT2D"	"p.P2258S"	"MISSENSE"
"TL-18-D90285"	"NOTCH3"	"p.N1588H"	"MISSENSE"
"TL-18-D90285"	"BCORL1"	"p.T555I"	"MISSENSE"
"TL-18-D90285"	"KMT2D"	"p.P565L"	"MISSENSE"
"TL-18-D90285"	"ALK"	"p.R753W"	"MISSENSE"
"TL-18-D90285"	"ZFHX3"	"p.R2643H"	"MISSENSE"
"TL-18-D90285"	"ZFHX3"	"p.T3145M"	"MISSENSE"
"TL-18-D90285"	"KMT2B"	"p.P628L"	"MISSENSE"
"TL-18-D90285"	"FLG"	"p.R1135K"	"MISSENSE"
"TL-18-DF6845"	"FAT1"	"MUT"	"PROMOTER"
"TL-18-DF6845"	"CIC"	"p.S2026fs"	"INFRAME"
"TL-18-DF6845"	"BCORL1"	"p.A74fs"	"INFRAME"
"TL-18-DF6845"	"SPEN"	"p.R125*"	"TRUNC"
"TL-18-DF6845"	"KMT2D"	"p.Q4081fs"	"INFRAME"
"TL-18-DF6845"	"ZFHX3"	"p.S253fs"	"INFRAME"
"TL-18-DF6845"	"KMT2D"	"MUT"	"PROMOTER"
"TL-18-DF6845"	"CUX1"	"p.P442fs"	"INFRAME"
"TL-18-DF6845"	"KMT2D"	"p.S102fs"	"INFRAME"
"TL-18-DF6845"	"KMT2D"	"p.L656fs"	"INFRAME"
"TL-18-DF6845"	"HNF1B"	"p.Q521fs"	"INFRAME"
"TL-18-DF6845"	"KMT2D"	"p.R5086*"	"TRUNC"
"TL-18-DF6845"	"NOTCH1"	"p.P1442fs"	"INFRAME"
"TL-18-DF6845"	"MCL1"	"GAIN"	"CNA"
"TL-18-DF6845"	"MCL1"	"p.E171del"	"INFRAME"
"TL-18-DF6845"	"KMT2D"	"p.V4934I"	"MISSENSE"
"TL-18-DF6845"	"KMT2B"	"p.T667I"	"MISSENSE"
"TL-18-DF6845"	"ATM"	"p.S440Y"	"MISSENSE"
"TL-18-DF6845"	"KMT2B"	"p.R2277H"	"MISSENSE"
"TL-18-DF6845"	"ALK"	"p.A1452V"	"MISSENSE"
"TL-18-DF6845"	"KMT2D"	"p.LR4467FQ"	"MISSENSE"
"TL-18-DF6845"	"ERBB2/HER2"	"p.E1079K"	"MISSENSE"
"TL-18-DF6845"	"KMT2B"	"p.R883W"	"MISSENSE"
"TL-18-DF6845"	"ZFHX3"	"p.P2091S"	"MISSENSE"
"TL-18-DF6845"	"FLG"	"p.E1932K"	"MISSENSE"
"TL-18-DF6845"	"ERBB2/HER2"	"p.R985H"	"MISSENSE"
"TL-18-DF6845"	"KMT2D"	"p.A2825T"	"MISSENSE"
"TL-18-DF6845"	"GATA3"	"p.G203S"	"MISSENSE"
"TL-18-DF6845"	"BCORL1"	"MUT"	"PROMOTER"
"TL-18-DF6845"	"BCORL1"	"p.V1702F"	"MISSENSE"
"TL-18-DF6845"	"KMT2B"	"p.P2244S"	"MISSENSE"
"TL-18-DF6845"	"KMT2B"	"p.R1858C"	"MISSENSE"
"TL-18-2F886A"	"TP53"	"p.R110fs"	"INFRAME"
"TL-18-2F886A"	"KMT2D"	"p.Q3360*"	"TRUNC"
"TL-18-2F886A"	"TSC2"	"p.R1032*"	"TRUNC"
"TL-18-2F886A"	"KMT2D"	"p.Q1717*"	"TRUNC"
"TL-18-2F886A"	"MCL1"	"GAIN"	"CNA"
"TL-18-2F886A"	"TSC2"	"p.V645I"	"MISSENSE"
"TL-18-2F886A"	"SPEN"	"p.P3172T"	"MISSENSE"
"TL-18-2F886A"	"BCORL1"	"p.S244L"	"MISSENSE"
"TL-18-2F886A"	"BCOR"	"p.R1454Q"	"MISSENSE"
"TL-18-2F886A"	"CDK12"	"p.S1466F"	"MISSENSE"
"TL-18-2F886A"	"NOTCH3"	"p.R886C"	"MISSENSE"
"TL-18-2E8727"	"GATA3"	"p.R367*"	"TRUNC"
"TL-18-2E8727"	"KMT2D"	"MUT"	"PROMOTER"
"TL-18-2E8727"	"MCL1"	"GAIN"	"CNA"
"TL-18-725666"	"NOTCH3"	"p.G2035fs"	"INFRAME"
"TL-18-725666"	"PIK3CA"	"p.E545K"	"MISSENSE"
"TL-18-725666"	"TSC2"	"MUT"	"PROMOTER"
"TL-18-725666"	"ARID1A"	"MUT"	"PROMOTER"
"TL-18-725666"	"ATM"	"p.L1814fs"	"INFRAME"
"TL-18-725666"	"KMT2D"	"p.E2688fs"	"INFRAME"
"TL-18-725666"	"ZFHX3"	"p.K180fs"	"INFRAME"
"TL-18-725666"	"SPEN"	"p.R1371*"	"TRUNC"
"TL-18-725666"	"NOTCH3"	"p.Q184*"	"TRUNC"
"TL-18-725666"	"BRCA2"	"p.K1026fs"	"INFRAME"
"TL-18-725666"	"ARID1A"	"p.D1850fs"	"INFRAME"
"TL-18-725666"	"SPEN"	"p.E1963*"	"TRUNC"
"TL-18-725666"	"CUX1"	"MUT"	"PROMOTER"
"TL-18-725666"	"TSC2"	"p.Q1119*"	"TRUNC"
"TL-18-725666"	"KMT2D"	"MUT"	"PROMOTER"
"TL-18-725666"	"BCORL1"	"MUT"	"TRUNC"
"TL-18-725666"	"SPEN"	"p.E1571K"	"INFRAME"
"TL-18-725666"	"BRCA1"	"p.I2489fs"	"TRUNC"
"TL-18-725666"	"CDK12"	"p.Q139*"	"TRUNC"
"TL-18-725666"	"KMT2D"	"p.S1341fs"	"INFRAME"
"TL-18-725666"	"MCL1"	"GAIN"	"CNA"
"TL-18-725666"	"KMT2B"	"p.T2687I"	"MISSENSE"
"TL-18-725666"	"ZFHX3"	"p.L2719F"	"MISSENSE"
"TL-18-725666"	"ALK"	"p.V1421I"	"MISSENSE"
"TL-18-725666"	"FLG"	"p.Q1534*"	"TRUNC"
"TL-18-725666"	"KMT2B"	"p.R2250C"	"MISSENSE"
"TL-18-725666"	"BCORL1"	"p.A1533T"	"MISSENSE"
"TL-18-725666"	"BRCA1"	"p.P1749L"	"MISSENSE"
"TL-18-725666"	"KMT2B"	"p.Q812del"	"INFRAME"
"TL-18-725666"	"NOTCH1"	"p.G578D"	"MISSENSE"
"TL-18-725666"	"KMT2D"	"p.S4633L"	"MISSENSE"
"TL-18-725666"	"ATRX"	"p.S550N"	"MISSENSE"
"TL-18-725666"	"SPEN"	"p.P3286L"	"MISSENSE"
"TL-18-725666"	"CDK12"	"p.P1317L"	"MISSENSE"
"TL-18-725666"	"KMT2D"	"p.F3134S"	"MISSENSE"
"TL-18-725666"	"KDM5C"	"p.A1372T"	"MISSENSE"
"TL-18-725666"	"MYC"	"p.A170V"	"MISSENSE"
"TL-18-725666"	"FAT1"	"p.D848N"	"MISSENSE"
"TL-18-725666"	"ARID1A"	"p.H1336Q"	"MISSENSE"
"TL-18-725666"	"KMT2D"	"p.P1969S"	"MISSENSE"
"TL-18-725666"	"AMER1"	"p.D753N"	"MISSENSE"
"TL-18-725666"	"CUX1"	"p.A802T"	"MISSENSE"
"TL-18-725666"	"KMT2B"	"p.P629L"	"MISSENSE"
"TL-18-725666"	"TSC2"	"MUT"	"PROMOTER"
"TL-18-725666"	"NOTCH3"	"p.D431N"	"MISSENSE"
"TL-18-725666"	"ZFHX3"	"p.P2046S"	"MISSENSE"
"TL-18-725666"	"KMT2B"	"p.A636V"	"MISSENSE"
"TL-18-794B0A"	"AMER1"	"p.E510*"	"TRUNC"
"TL-18-794B0A"	"HNF1B"	"p.Q275*"	"TRUNC"
"TL-18-794B0A"	"BCORL1"	"p.R1446*"	"TRUNC"
"TL-18-794B0A"	"HNF1B"	"HETLOSS"	"CNA"
"TL-18-794B0A"	"BCL11B"	"HETLOSS"	"CNA"
"TL-18-794B0A"	"AMER1"	"HETLOSS"	"CNA"
"TL-18-794B0A"	"BCOR"	"HETLOSS"	"CNA"
"TL-18-794B0A"	"KDM5C"	"HETLOSS"	"CNA"
"TL-18-794B0A"	"MCL1"	"GAIN"	"CNA"
"TL-18-794B0A"	"ZFHX3"	"p.P1905L"	"MISSENSE"
"TL-18-794B0A"	"NOTCH1"	"p.E794K"	"MISSENSE"
"TL-18-794B0A"	"NOTCH1"	"p.G635V"	"PROMOTER"
"TL-18-794B0A"	"KMT2D"	"p.D2996N"	"MISSENSE"
"TL-18-794B0A"	"ARID1A"	"p.Q1333_Q1334del"	"INFRAME"
"TL-18-7CF2BB"	"CUX1"	"MUT"	"PROMOTER"
"TL-18-7CF2BB"	"AMER1"	"HETLOSS"	"CNA"
"TL-18-7CF2BB"	"KDM5C"	"HETLOSS"	"CNA"
"TL-18-B685F9"	"PIK3CA"	"p.E542K"	"MISSENSE"
"TL-18-B685F9"	"CUX1"	"p.Q534*"	"TRUNC"
"TL-18-B685F9"	"KDM5C"	"p.R25*"	"TRUNC"
"TL-18-B685F9"	"CIC"	"p.S2026fs"	"INFRAME"
"TL-18-B685F9"	"KDM5C"	"MUT"	"PROMOTER"
"TL-18-B685F9"	"SPEN"	"p.R1936*"	"TRUNC"
"TL-18-B685F9"	"BCORL1"	"p.Q1353*"	"TRUNC"
"TL-18-B685F9"	"FAT1"	"p.Q3572*"	"TRUNC"
"TL-18-B685F9"	"FAT1"	"p.W3911*"	"TRUNC"
"TL-18-B685F9"	"ATM"	"p.R337C"	"MISSENSE"
"TL-18-B685F9"	"MYC"	"p.M149I"	"MISSENSE"
"TL-18-B685F9"	"ATM"	"p.M563I"	"MISSENSE"
"TL-18-3E5182"	"ZFHX3"	"p.G3406fs"	"INFRAME"
"TL-18-3E5182"	"NOTCH1"	"MUT"	"PROMOTER"
"TL-18-3E5182"	"NOTCH1"	"p.D1267fs"	"INFRAME"
"TL-18-3E5182"	"TSC2"	"p.Q1724*"	"TRUNC"
"TL-18-3E5182"	"KMT2D"	"p.Q3839fs"	"INFRAME"
"TL-18-3E5182"	"KMT2D"	"p.Q4221*"	"TRUNC"
"TL-18-3E5182"	"BRCA1"	"p.G960fs"	"INFRAME"
"TL-18-3E5182"	"BRCA1"	"p.T796fs"	"INFRAME"
"TL-18-3E5182"	"FAT1"	"p.A169fs"	"INFRAME"
"TL-18-3E5182"	"HNF1B"	"p.G20E"	"MISSENSE"
"TL-18-3E5182"	"KMT2B"	"p.P432L"	"MISSENSE"
"TL-18-3E5182"	"ZFHX3"	"p.A1375V"	"MISSENSE"
"TL-18-3E5182"	"KDM5C"	"p.P1555L"	"MISSENSE"
"TL-18-3E5182"	"CDK12"	"MUT"	"PROMOTER"
"TL-18-3E5182"	"KMT2B"	"p.R1864*"	"TRUNC"
"TL-18-3E5182"	"KMT2B"	"p.P1821S"	"MISSENSE"
"TL-18-3E5182"	"FAT1"	"p.S1057L"	"MISSENSE"
"TL-18-3E5182"	"KMT2B"	"p.A2297T"	"MISSENSE"
"TL-18-3E5182"	"NOTCH1"	"p.R2095H"	"MISSENSE"
"TL-18-3E5182"	"KMT2D"	"p.E902K"	"MISSENSE"
"TL-18-3E5182"	"ZFHX3"	"p.D248N"	"MISSENSE"
"TL-18-3E5182"	"NOTCH3"	"p.R110H"	"MISSENSE"
"TL-18-3E5182"	"ALK"	"p.E1158K"	"MISSENSE"
"TL-18-3E5182"	"SPEN"	"p.R936K"	"MISSENSE"
"TL-18-3E5182"	"KDM5C"	"p.V1375I"	"MISSENSE"
"TL-18-3E5182"	"ATM"	"p.I1576F"	"MISSENSE"
"TL-18-3E5182"	"KDM5C"	"p.L850M"	"MISSENSE"
"TL-18-3E5182"	"KMT2B"	"p.R154H"	"MISSENSE"
"TL-18-2C3DA8"	"CDH1"	"p.V55M"	"PROMOTER"
"TL-18-2C3DA8"	"ZFHX3"	"p.G3406fs"	"INFRAME"
"TL-18-2C3DA8"	"ZFHX3"	"p.Q2338*"	"TRUNC"
"TL-18-2C3DA8"	"NOTCH1"	"p.W1638*"	"TRUNC"
"TL-18-2C3DA8"	"ATM"	"p.S974F"	"PROMOTER"
"TL-18-2C3DA8"	"NOTCH3"	"p.W2266*"	"TRUNC"
"TL-18-2C3DA8"	"ZFHX3"	"p.K180fs"	"INFRAME"
"TL-18-2C3DA8"	"SPEN"	"p.R308*"	"TRUNC"
"TL-18-2C3DA8"	"BCORL1"	"p.R609*"	"TRUNC"
"TL-18-2C3DA8"	"MCL1"	"GAIN"	"CNA"
"TL-18-2C3DA8"	"ARID1A"	"HETLOSS"	"CNA"
"TL-18-2C3DA8"	"ERBB2/HER2"	"GAIN"	"CNA"
"TL-18-2C3DA8"	"HNF1B"	"GAIN"	"CNA"
"TL-18-2C3DA8"	"BRCA1"	"HETLOSS"	"CNA"
"TL-18-2C3DA8"	"ATM"	"HETLOSS"	"CNA"
"TL-18-2C3DA8"	"CDH1"	"HETLOSS"	"CNA"
"TL-18-2C3DA8"	"SPEN"	"HETLOSS"	"CNA"
"TL-18-2C3DA8"	"TP53"	"HETLOSS"	"CNA"
"TL-18-2C3DA8"	"CDK12"	"GAIN"	"CNA"
"TL-18-2C3DA8"	"ZFHX3"	"HETLOSS"	"CNA"
"TL-18-2C3DA8"	"PIK3CA"	"p.H931Y"	"MISSENSE"
"TL-18-2C3DA8"	"KMT2B"	"p.R642W"	"MISSENSE"
"TL-18-2C3DA8"	"KMT2B"	"p.E452K"	"MISSENSE"
"TL-18-2C3DA8"	"KMT2B"	"p.S421L"	"MISSENSE"
"TL-18-2C3DA8"	"NOTCH1"	"p.S797F"	"MISSENSE"
"TL-18-2C3DA8"	"ALK"	"p.M1166I"	"MISSENSE"
"TL-18-2C3DA8"	"KMT2B"	"p.A673V"	"MISSENSE"
"TL-18-2C3DA8"	"GATA3"	"p.P24L"	"MISSENSE"
"TL-18-2C3DA8"	"KMT2B"	"p.S664L"	"MISSENSE"
"TL-18-2C3DA8"	"BCL11B"	"p.G270R"	"MISSENSE"
"TL-18-2C3DA8"	"KMT2B"	"p.P445L"	"MISSENSE"
"TL-18-2C3DA8"	"SPEN"	"p.P3251L"	"MISSENSE"
"TL-18-2C3DA8"	"CUX1"	"p.P1116L"	"MISSENSE"
"TL-18-F9EF49"	"TP53"	"p.Q136E"	"MISSENSE"
"TL-18-F9EF49"	"BCOR"	"p.S1297*"	"TRUNC"
"TL-18-F9EF49"	"NOTCH3"	"p.Q1260*"	"TRUNC"
"TL-18-F9EF49"	"TP53"	"p.R213Q"	"MISSENSE"
"TL-18-F9EF49"	"BRCA2"	"MUT"	"PROMOTER"
"TL-18-F9EF49"	"ZFHX3"	"p.R1439*"	"TRUNC"
"TL-18-F9EF49"	"ATM"	"MUT"	"PROMOTER"
"TL-18-F9EF49"	"TP53"	"p.R248Q"	"MISSENSE"
"TL-18-F9EF49"	"NOTCH1"	"p.E1812*"	"TRUNC"
"TL-18-F9EF49"	"NOTCH1"	"p.Q2394*"	"TRUNC"
"TL-18-F9EF49"	"SPEN"	"MUT"	"PROMOTER"
"TL-18-F9EF49"	"BCORL1"	"MUT"	"PROMOTER"
"TL-18-F9EF49"	"TSC2"	"p.Q325Q"	"PROMOTER"
"TL-18-F9EF49"	"BRCA2"	"MUT"	"PROMOTER"
"TL-18-F9EF49"	"ATM"	"p.W1279*"	"TRUNC"
"TL-18-F9EF49"	"TP53"	"HETLOSS"	"CNA"
"TL-18-F9EF49"	"CDK12"	"Splice"	"PROMOTER"
"TL-18-F9EF49"	"KMT2B"	"p.A2597S"	"MISSENSE"
"TL-18-F9EF49"	"NOTCH3"	"p.R1190C"	"MISSENSE"
"TL-18-F9EF49"	"ALK"	"p.V836M"	"MISSENSE"
"TL-18-F9EF49"	"KMT2D"	"p.T2191M"	"MISSENSE"
"TL-18-F9EF49"	"TSC2"	"p.R1200Q"	"MISSENSE"
"TL-18-F9EF49"	"ZFHX3"	"p.A781E"	"MISSENSE"
"TL-18-F9EF49"	"AMER1"	"p.A223T"	"MISSENSE"
"TL-18-F9EF49"	"BRCA2"	"p.N55K"	"MISSENSE"
"TL-18-F9EF49"	"CUX1"	"p.L634L"	"PROMOTER"
"TL-18-F9EF49"	"BCORL1"	"p.GA970ET"	"MISSENSE"
"TL-18-5E0BD8"	"CDH1"	"p.P159fs"	"INFRAME"
"TL-18-5E0BD8"	"PIK3CA"	"p.H1047R"	"MISSENSE"
"TL-18-5E0BD8"	"MCL1"	"GAIN"	"CNA"
"TL-18-5E0BD8"	"BCL11B"	"HETLOSS"	"CNA"
"TL-18-5E0BD8"	"HNF1B"	"HETLOSS"	"CNA"
"TL-18-5E0BD8"	"AMER1"	"p.K1076N"	"MISSENSE"
"TL-18-5E0BD8"	"ALK"	"p.G692R"	"MISSENSE"
"TL-18-B45919"	"KMT2D"	"p.T4930fs"	"INFRAME"
"TL-18-B45919"	"BCORL1"	"p.M644fs"	"INFRAME"
"TL-18-B45919"	"SPEN"	"p.Q3358*"	"TRUNC"
"TL-18-B45919"	"KMT2D"	"p.N4208fs"	"INFRAME"
"TL-18-B45919"	"NOTCH3"	"p.S1580L"	"PROMOTER"
"TL-18-B45919"	"ZFHX3"	"p.Q3380*"	"TRUNC"
"TL-18-B45919"	"CIC"	"p.AGQ1847*"	"TRUNC"
"TL-18-B45919"	"TSC2"	"p.R1138*"	"TRUNC"
"TL-18-B45919"	"ATRX"	"MUT"	"PROMOTER"
"TL-18-B45919"	"ARID1A"	"p.A1408fs"	"INFRAME"
"TL-18-B45919"	"ARID1A"	"p.P531fs"	"INFRAME"
"TL-18-B45919"	"HNF1B"	"p.Q130*"	"TRUNC"
"TL-18-B45919"	"TSC2"	"p.S1095N"	"PROMOTER"
"TL-18-B45919"	"FAT1"	"p.S2136*"	"TRUNC"
"TL-18-B45919"	"CUX1"	"p.R1190*"	"TRUNC"
"TL-18-B45919"	"SPEN"	"p.Q2848*"	"TRUNC"
"TL-18-B45919"	"KMT2D"	"p.R2410*"	"TRUNC"
"TL-18-B45919"	"KMT2D"	"p.Q1703*"	"TRUNC"
"TL-18-B45919"	"ATM"	"MUT"	"PROMOTER"
"TL-18-B45919"	"BRCA1"	"MUT"	"PROMOTER"
"TL-18-B45919"	"ZFHX3"	"p.P2044fs"	"INFRAME"
"TL-18-B45919"	"KMT2D"	"p.Q211*"	"TRUNC"
"TL-18-B45919"	"ARID1A"	"p.Q766fs"	"INFRAME"
"TL-18-B45919"	"MCL1"	"GAIN"	"CNA"
"TL-18-B45919"	"KDM5C"	"p.V271I"	"MISSENSE"
"TL-18-B45919"	"BRCA2"	"p.E3167K"	"PROMOTER"
"TL-18-B45919"	"KMT2D"	"p.P4947S"	"MISSENSE"
"TL-18-B45919"	"AMER1"	"p.R549W"	"MISSENSE"
"TL-18-B45919"	"MYC"	"p.H256Y"	"MISSENSE"
"TL-18-B45919"	"TP53"	"p.P27T"	"MISSENSE"
"TL-18-B45919"	"SPEN"	"p.E4K"	"MISSENSE"
"TL-18-B45919"	"KMT2D"	"p.R2681Q"	"MISSENSE"
"TL-18-B45919"	"ZFHX3"	"p.R1108C"	"MISSENSE"
"TL-18-B45919"	"SPEN"	"p.R617K"	"PROMOTER"
"TL-18-B45919"	"BCOR"	"p.G1359R"	"MISSENSE"
"TL-18-B45919"	"MYC"	"p.S241L"	"MISSENSE"
"TL-18-B45919"	"KMT2D"	"p.P747S"	"MISSENSE"
"TL-18-B45919"	"KMT2B"	"p.P577L"	"MISSENSE"
"TL-18-B45919"	"BCORL1"	"p.E1321K"	"MISSENSE"
"TL-18-B45919"	"KDM5C"	"p.R585C"	"MISSENSE"
"TL-18-B45919"	"KMT2B"	"p.A2275V"	"MISSENSE"
"TL-18-B45919"	"ARID1A"	"p.P1567S"	"MISSENSE"
"TL-18-B45919"	"KMT2D"	"p.R1877K"	"MISSENSE"
"TL-18-B45919"	"CDK12"	"p.R1049C"	"MISSENSE"
"TL-18-8C551D"	"TP53"	"p.R306*"	"TRUNC"
"TL-18-8C551D"	"BRCA1"	"p.S1569fs"	"INFRAME"
"TL-18-8C551D"	"MYC"	"GAIN"	"CNA"
"TL-18-8C551D"	"ERBB2/HER2"	"p.R1048C"	"MISSENSE"
"TL-18-8C551D"	"NOTCH3"	"p.P761L"	"MISSENSE"
"TL-18-8C551D"	"AMER1"	"p.S19R"	"MISSENSE"
"TL-18-3264FA"	"PIK3CA"	"p.H1047L"	"MISSENSE"
"TL-18-3264FA"	"TSC2"	"p.R1138*"	"TRUNC"
"TL-18-3264FA"	"ZFHX3"	"p.R1210*"	"TRUNC"
"TL-18-3264FA"	"TSC2"	"p.K258K"	"PROMOTER"
"TL-18-3264FA"	"BRCA1"	"p.W1815*"	"TRUNC"
"TL-18-3264FA"	"ZFHX3"	"p.A156fs"	"INFRAME"
"TL-18-3264FA"	"ZFHX3"	"p.S2073fs"	"INFRAME"
"TL-18-3264FA"	"MCL1"	"GAIN"	"CNA"
"TL-18-3264FA"	"FAT1"	"p.F3890S"	"MISSENSE"
"TL-18-3264FA"	"KMT2D"	"p.P4631L"	"MISSENSE"
"TL-18-3264FA"	"ZFHX3"	"p.P2081S"	"MISSENSE"
"TL-18-3264FA"	"KMT2B"	"p.P625S"	"MISSENSE"
"TL-18-3264FA"	"ALK"	"p.G927R"	"MISSENSE"
"TL-18-3264FA"	"NOTCH3"	"p.D2002N"	"MISSENSE"
"TL-18-3264FA"	"GATA3"	"p.P129L"	"MISSENSE"
"TL-18-AEAB18"	"TSC2"	"p.W82*"	"TRUNC"
"TL-18-D45343"	"ATM"	"p.N2106fs"	"INFRAME"
"TL-18-D45343"	"HNF1B"	"p.Q28*"	"TRUNC"
"TL-18-D45343"	"HNF1B"	"MUT"	"PROMOTER"
"TL-18-D45343"	"MCL1"	"GAIN"	"CNA"
"TL-18-D45343"	"CDH1"	"p.R154I"	"MISSENSE"
"TL-18-D45343"	"ZFHX3"	"p.P2055L"	"MISSENSE"
"TL-18-D45343"	"KMT2B"	"p.P462L"	"MISSENSE"
"TL-18-D45343"	"ALK"	"MUT"	"PROMOTER"
"TL-18-D45343"	"FLG"	"p.G905S"	"MISSENSE"
"TL-18-D45343"	"FLG"	"p.S902L"	"MISSENSE"
"TL-18-D45343"	"CIC"	"p.A1931V"	"MISSENSE"
"TL-18-D45343"	"KMT2B"	"p.R2277C"	"MISSENSE"
"TL-18-F1A922"	"TP53"	"p.R248W"	"MISSENSE"
"TL-18-F1A922"	"NOTCH1"	"p.V2213M"	"MISSENSE"
"TL-18-6D12D6"	"PIK3CA"	"p.Q546P"	"MISSENSE"
"TL-18-6D12D6"	"ZFHX3"	"p.G3406fs"	"INFRAME"
"TL-18-6D12D6"	"CIC"	"p.R32*"	"TRUNC"
"TL-18-6D12D6"	"TP53"	"p.R158C"	"MISSENSE"
"TL-18-6D12D6"	"MCL1"	"GAIN"	"CNA"
"TL-18-6D12D6"	"ARID1A"	"p.M1481I"	"MISSENSE"
"TL-18-6D12D6"	"ARID1A"	"p.G1483D"	"MISSENSE"
"TL-18-6D12D6"	"ZFHX3"	"p.C3577S"	"MISSENSE"
"TL-18-6D12D6"	"KMT2B"	"p.P1084L"	"MISSENSE"
"TL-18-6D12D6"	"KMT2B"	"p.A578T"	"MISSENSE"
"TL-18-6D12D6"	"AMER1"	"p.A1118V"	"MISSENSE"
"TL-18-6D12D6"	"TSC2"	"p.R1122C"	"MISSENSE"
"TL-18-6D12D6"	"ALK"	"p.A162T"	"MISSENSE"
"TL-18-6D12D6"	"ZFHX3"	"p.S667L"	"MISSENSE"
"TL-18-5E23D5"	"ARID1A"	"p.Q2115*"	"TRUNC"
"TL-18-5E23D5"	"NOTCH1"	"p.Q2338*"	"TRUNC"
"TL-18-5E23D5"	"CUX1"	"p.Q337*"	"TRUNC"
"TL-18-5E23D5"	"ZFHX3"	"p.C2333fs"	"INFRAME"
"TL-18-5E23D5"	"ATM"	"HETLOSS"	"CNA"
"TL-18-5E23D5"	"MCL1"	"GAIN"	"CNA"
"TL-18-5E23D5"	"CDH1"	"HETLOSS"	"CNA"
"TL-18-5E23D5"	"ZFHX3"	"HETLOSS"	"CNA"
"TL-18-5E23D5"	"GATA3"	"p.R367Q"	"MISSENSE"
"TL-18-5E23D5"	"ATM"	"p.G134D"	"MISSENSE"
"TL-18-5E23D5"	"ALK"	"p.A1099V"	"MISSENSE"
"TL-18-5E23D5"	"KMT2D"	"p.P448S"	"MISSENSE"
"TL-18-5E23D5"	"KMT2B"	"p.R482Q"	"MISSENSE"
"TL-18-5E23D5"	"ALK"	"p.A848T"	"MISSENSE"
"TL-18-5E23D5"	"ATRX"	"p.E2105K"	"MISSENSE"
"TL-18-5E23D5"	"ATM"	"p.MDD1967IDN"	"MISSENSE"
"TL-18-56509D"	"TP53"	"p.R156fs"	"INFRAME"
"TL-18-56509D"	"NOTCH3"	"p.Q1593*"	"TRUNC"
"TL-18-56509D"	"ATM"	"MUT"	"PROMOTER"
"TL-18-56509D"	"ATM"	"p.R2034*"	"TRUNC"
"TL-18-56509D"	"TP53"	"p.R181H"	"MISSENSE"
"TL-18-56509D"	"KMT2D"	"p.R5086*"	"TRUNC"
"TL-18-56509D"	"FAT1"	"p.Q3684*"	"TRUNC"
"TL-18-56509D"	"MCL1"	"GAIN"	"CNA"
"TL-18-56509D"	"TP53"	"p.P153T"	"MISSENSE"
"TL-18-56509D"	"CIC"	"p.P2394L"	"MISSENSE"
"TL-18-56509D"	"FLG"	"p.G2134A"	"MISSENSE"
"TL-18-56509D"	"NOTCH3"	"p.R1201C"	"MISSENSE"
"TL-18-56509D"	"FLG"	"p.R1869_T3489del"	"INFRAME"
"TL-18-56509D"	"KMT2D"	"p.V2171M"	"MISSENSE"
"TL-18-56509D"	"BCOR"	"p.P707L"	"MISSENSE"
"TL-18-56509D"	"PIK3CA"	"MUT"	"PROMOTER"
"TL-18-8A2A03"	"TP53"	"p.R156fs"	"INFRAME"
"TL-18-8A2A03"	"SPEN"	"p.R1475*"	"TRUNC"
"TL-18-8A2A03"	"ATM"	"p.W308*"	"TRUNC"
"TL-18-8A2A03"	"KMT2D"	"MUT"	"PROMOTER"
"TL-18-8A2A03"	"ZFHX3"	"p.Q1435*"	"TRUNC"
"TL-18-8A2A03"	"SPEN"	"p.W1462*"	"TRUNC"
"TL-18-8A2A03"	"SPEN"	"p.Q592*"	"TRUNC"
"TL-18-8A2A03"	"ATRX"	"p.R1514*"	"TRUNC"
"TL-18-8A2A03"	"TSC2"	"p.R1713H"	"MISSENSE"
"TL-18-8A2A03"	"CIC"	"MUT"	"PROMOTER"
"TL-18-8A2A03"	"ATRX"	"p.K1932fs"	"INFRAME"
"TL-18-8A2A03"	"KMT2D"	"p.R5454*"	"TRUNC"
"TL-18-8A2A03"	"SPEN"	"p.R1936*"	"TRUNC"
"TL-18-8A2A03"	"KMT2D"	"p.R5282*"	"TRUNC"
"TL-18-8A2A03"	"MCL1"	"GAIN"	"CNA"
"TL-18-8A2A03"	"TP53"	"p.P153T"	"MISSENSE"
"TL-18-8A2A03"	"BCORL1"	"p.R1332Q"	"MISSENSE"
"TL-18-8A2A03"	"KMT2D"	"p.R5120H"	"MISSENSE"
"TL-18-8A2A03"	"NOTCH1"	"p.A2127V"	"MISSENSE"
"TL-18-8A2A03"	"KMT2D"	"p.P934L"	"MISSENSE"
"TL-18-8A2A03"	"TSC2"	"MUT"	"PROMOTER"
"TL-18-8A2A03"	"BCOR"	"p.E1052K"	"MISSENSE"
"TL-18-D4FE08"	"TP53"	"p.R248G"	"MISSENSE"
"TL-18-D4FE08"	"SPEN"	"MUT"	"PROMOTER"
"TL-18-D4FE08"	"ZFHX3"	"p.G3406fs"	"INFRAME"
"TL-18-D4FE08"	"ARID1A"	"p.Q420*"	"TRUNC"
"TL-18-D4FE08"	"NOTCH3"	"MUT"	"PROMOTER"
"TL-18-D4FE08"	"ZFHX3"	"p.R2284*"	"TRUNC"
"TL-18-D4FE08"	"FAT1"	"MUT"	"PROMOTER"
"TL-18-D4FE08"	"BRCA1"	"MUT"	"PROMOTER"
"TL-18-D4FE08"	"TP53"	"p.R267Q"	"MISSENSE"
"TL-18-D4FE08"	"CIC"	"p.W343fs"	"INFRAME"
"TL-18-D4FE08"	"ARID1A"	"MUT"	"PROMOTER"
"TL-18-D4FE08"	"KMT2D"	"MUT"	"PROMOTER"
"TL-18-D4FE08"	"BCORL1"	"p.R945*"	"TRUNC"
"TL-18-D4FE08"	"NOTCH3"	"p.Q1091*"	"TRUNC"
"TL-18-D4FE08"	"BRCA2"	"p.Q1181*"	"TRUNC"
"TL-18-D4FE08"	"KMT2D"	"p.Q2062*"	"PROMOTER"
"TL-18-D4FE08"	"BCORL1"	"p.G1756fs"	"INFRAME"
"TL-18-D4FE08"	"TP53"	"p.H178Q"	"MISSENSE"
"TL-18-D4FE08"	"KMT2D"	"p.R4198*"	"TRUNC"
"TL-18-D4FE08"	"FLG"	"p.T895_R2191del"	"INFRAME"
"TL-18-D4FE08"	"KMT2D"	"p.A416V"	"MISSENSE"
"TL-18-D4FE08"	"ERBB2/HER2"	"p.V356I"	"MISSENSE"
"TL-18-D4FE08"	"CUX1"	"p.S1229N"	"MISSENSE"
"TL-18-D4FE08"	"NOTCH1"	"Splice"	"PROMOTER"
"TL-18-D4FE08"	"FLG"	"p.S855Y"	"MISSENSE"
"TL-18-D4FE08"	"ARID1A"	"p.S220I"	"MISSENSE"
"TL-18-D4FE08"	"ATM"	"p.Q445K"	"MISSENSE"
"TL-18-D4FE08"	"NOTCH3"	"p.R1190C"	"MISSENSE"
"TL-18-D4FE08"	"BCORL1"	"p.R1266Q"	"MISSENSE"
"TL-18-D4FE08"	"FAT1"	"p.E2949D"	"MISSENSE"
"TL-18-D4FE08"	"ALK"	"p.C701Y"	"MISSENSE"
"TL-18-D4FE08"	"KMT2B"	"p.T176fs"	"INFRAME"
"TL-18-D4FE08"	"TSC2"	"p.R936W"	"MISSENSE"
"TL-18-D4FE08"	"NOTCH1"	"p.C992F"	"MISSENSE"
"TL-18-D4FE08"	"KDM5C"	"p.R1030Q"	"MISSENSE"
"TL-18-D4FE08"	"ZFHX3"	"p.V702I"	"MISSENSE"
"TL-18-D4FE08"	"NOTCH3"	"p.A830V"	"MISSENSE"
"TL-18-D4FE08"	"BCOR"	"p.E1042K"	"MISSENSE"
"TL-18-D4FE08"	"BRCA2"	"p.S611L"	"MISSENSE"
"TL-18-D4FE08"	"ALK"	"p.G914R"	"MISSENSE"
"TL-18-D4FE08"	"ALK"	"p.D418N"	"MISSENSE"
"TL-18-D4FE08"	"BCL11B"	"p.E532K"	"MISSENSE"
"TL-18-D4FE08"	"BRCA1"	"p.S1633N"	"MISSENSE"
"TL-18-D4FE08"	"CUX1"	"p.A1329T"	"MISSENSE"
"TL-18-D4FE08"	"ARID1A"	"p.G423V"	"MISSENSE"
"TL-18-D4FE08"	"KMT2B"	"Splice"	"PROMOTER"
"TL-18-D4FE08"	"NOTCH1"	"p.T2090M"	"MISSENSE"
"TL-18-32A3A1"	"TP53"	"p.R342*"	"TRUNC"
"TL-18-32A3A1"	"NOTCH3"	"p.R113*"	"TRUNC"
"TL-18-32A3A1"	"NOTCH1"	"p.Q2444*"	"TRUNC"
"TL-18-32A3A1"	"BRCA1"	"HETLOSS"	"CNA"
"TL-18-32A3A1"	"MCL1"	"GAIN"	"CNA"
"TL-18-32A3A1"	"SPEN"	"p.T2921M"	"MISSENSE"
"TL-18-32A3A1"	"FLG"	"p.H980_R3572del"	"INFRAME"
"TL-18-32A3A1"	"ALK"	"p.G879S"	"PROMOTER"
"TL-18-C804A9"	"CDH1"	"p.W638*"	"TRUNC"
"TL-18-C804A9"	"PIK3CA"	"p.H1047R"	"MISSENSE"
"TL-18-C804A9"	"ZFHX3"	"p.R1210*"	"TRUNC"
"TL-18-C804A9"	"NOTCH1"	"p.C817*"	"TRUNC"
"TL-18-C804A9"	"ZFHX3"	"p.Q22*"	"TRUNC"
"TL-18-C804A9"	"KMT2D"	"p.L656fs"	"INFRAME"
"TL-18-C804A9"	"CUX1"	"p.Q509*"	"TRUNC"
"TL-18-C804A9"	"BCL11B"	"HETLOSS"	"CNA"
"TL-18-C804A9"	"MCL1"	"GAIN"	"CNA"
"TL-18-C804A9"	"AMER1"	"HETLOSS"	"CNA"
"TL-18-C804A9"	"FAT1"	"HETLOSS"	"CNA"
"TL-18-C804A9"	"CDH1"	"HETLOSS"	"CNA"
"TL-18-C804A9"	"TSC2"	"HETLOSS"	"CNA"
"TL-18-C804A9"	"KDM5C"	"HETLOSS"	"CNA"
"TL-18-C804A9"	"ZFHX3"	"HETLOSS"	"CNA"
"TL-18-C804A9"	"ZFHX3"	"p.A783del"	"INFRAME"
"TL-18-C804A9"	"KMT2D"	"p.G4114V"	"MISSENSE"
"TL-18-C804A9"	"ATRX"	"p.V103I"	"MISSENSE"
"TL-18-C804A9"	"BCOR"	"p.G1303C"	"MISSENSE"
"TL-18-C804A9"	"KMT2D"	"p.Q3603del"	"INFRAME"
"TL-18-C804A9"	"BCORL1"	"p.P453L"	"MISSENSE"
"TL-18-C804A9"	"KMT2B"	"p.S1191N"	"MISSENSE"
"TL-18-C804A9"	"HNF1B"	"p.A314S"	"MISSENSE"
"TL-18-C804A9"	"ARID1A"	"p.TL294PH"	"MISSENSE"
"TL-18-C804A9"	"KMT2B"	"p.P2244S"	"MISSENSE"
"TL-18-2B76C7"	"TP53"	"MUT"	"PROMOTER"
"TL-18-9D313D"	"PIK3CA"	"p.N345K"	"MISSENSE"
"TL-18-9D313D"	"CUX1"	"p.Q19*"	"TRUNC"
"TL-18-9D313D"	"GATA3"	"MUT"	"PROMOTER"
"TL-18-9D313D"	"TSC2"	"MUT"	"PROMOTER"
"TL-18-9D313D"	"MCL1"	"GAIN"	"CNA"
"TL-18-9D313D"	"KDM5C"	"p.G1504D"	"MISSENSE"
"TL-18-9D313D"	"BCORL1"	"p.R1716Q"	"MISSENSE"
"TL-18-9D313D"	"ZFHX3"	"p.S3180F"	"MISSENSE"
"TL-18-9D313D"	"KMT2B"	"p.A449V"	"MISSENSE"
